,City,Cloudiness,Country,Date,Humidity,Lat,Lng,Max Temp,Wind Speed
0,Norman Wells,75,CA,1619289776,47,65.282,-126.8329,33.8,5.75
1,Najrān,75,SA,1619289777,16,17.4924,44.1277,86.0,11.5
2,Diu,100,IN,1619289779,71,20.7141,70.9822,81.3,13.06
3,Qaanaaq,93,GL,1619289780,69,77.484,-69.3632,27.73,6.49
4,Talnakh,100,RU,1619289781,97,69.4865,88.3972,30.42,13.71
5,Lagoa,35,PT,1619289782,83,39.05,-27.9833,58.86,26.91
6,Jamestown,1,US,1619289636,30,42.097,-79.2353,63.0,13.8
7,Rikitea,100,PF,1619289586,72,-23.1203,-134.9692,78.58,16.37
8,Puerto Ayora,75,EC,1619289663,74,-0.7393,-90.3518,80.6,16.11
9,George Town,40,MY,1619289787,89,5.4112,100.3354,82.0,3.44
10,Hayden,75,US,1619289788,62,47.766,-116.7866,53.01,6.38
11,Chokurdakh,5,RU,1619289790,97,70.6333,147.9167,-13.83,4.36
12,Bathsheba,40,BB,1619289791,58,13.2167,-59.5167,84.2,19.57
13,Aklavik,20,CA,1619289694,60,68.2191,-135.0107,33.8,2.3
14,Avarua,20,CK,1619289793,74,-21.2078,-159.775,80.6,13.8
15,Basoko,100,CD,1619289795,91,1.2391,23.616,73.6,4.81
16,Lebu,0,CL,1619289796,69,-37.6167,-73.65,57.58,17.43
17,Butaritari,52,KI,1619289797,76,3.0707,172.7902,82.47,12.12
18,Longyearbyen,75,SJ,1619289577,63,78.2186,15.6401,26.6,4.61
19,Punta Arenas,75,CL,1619289541,71,-53.15,-70.9167,51.8,16.11
20,Cidreira,8,BR,1619289666,72,-30.1811,-50.2056,73.62,12.46
21,Vardø,100,NO,1619289802,87,70.3705,31.1107,33.73,22.75
22,Ushuaia,75,AR,1619289587,58,-54.8,-68.3,55.4,12.66
23,Busselton,0,AU,1619289804,89,-33.65,115.3333,52.0,1.95
24,Mukhen,97,RU,1619289805,67,48.1,136.1,32.52,6.67
25,Hithadhoo,13,MV,1619289673,69,-0.6,73.0833,83.25,7.29
26,Aykhal,100,RU,1619289808,96,66.0,111.5,20.03,6.24
27,Tuktoyaktuk,40,CA,1619289809,80,69.4541,-133.0374,23.0,6.91
28,Kruisfontein,100,ZA,1619289810,92,-34.0033,24.7314,59.0,1.01
29,Yellowknife,75,CA,1619289661,57,62.456,-114.3525,19.0,12.66
30,Rzhishchëv,0,UA,1619289813,48,49.9689,31.0463,41.0,8.95
31,Dikson,14,RU,1619289580,95,73.5069,80.5464,7.11,12.24
32,Kiryat Gat,4,IL,1619289815,100,31.61,34.7642,68.0,3.09
33,Xucheng,20,CN,1619289816,83,20.35,110.1288,80.6,8.95
34,Asău,50,RO,1619289818,47,46.4333,26.4,46.99,3.56
35,Isiro,100,CD,1619289819,99,2.7739,27.616,67.44,3.29
36,Atar,0,MR,1619289820,10,20.5169,-13.0499,92.48,12.3
37,Balabac,83,PH,1619289822,81,7.9868,117.0645,80.02,5.48
38,Santiago de Cao,75,PE,1619289823,82,-7.9589,-79.2392,66.2,13.8
39,Albany,87,US,1619289824,18,42.6001,-73.9662,69.01,8.43
40,Nikolskoye,20,RU,1619289686,65,59.7035,30.7861,41.0,4.47
41,San Patricio,1,US,1619289827,12,28.017,-97.5169,96.8,14.97
42,Hofn,100,IS,1619289621,83,64.2539,-15.2082,47.26,6.4
43,Marzuq,28,YE,1619289535,69,14.4,46.4667,71.65,7.07
44,Port Hawkesbury,90,CA,1619289830,43,45.6169,-61.3485,52.0,13.8
45,Dehlorān,43,IR,1619289831,9,32.6941,47.2679,87.51,9.55
46,Nurlat,52,RU,1619289832,93,54.4277,50.8051,42.12,9.19
47,Lata,78,PT,1619289834,88,40.1629,-8.3327,64.99,4.38
48,Hermanus,100,ZA,1619289835,81,-34.4187,19.2345,62.01,3.0
49,Viedma,96,AR,1619289836,57,-40.8135,-62.9967,62.08,15.59
50,Acapulco de Juárez,90,MX,1619289683,43,16.8634,-99.8901,89.6,9.22
51,Senanga,49,ZM,1619289839,50,-16.1167,23.2667,68.68,5.12
52,Bairiki Village,75,KI,1619289840,89,1.3292,172.9752,78.8,4.61
53,Norrköping,75,SE,1619289841,36,58.5942,16.1826,42.8,6.91
54,Atuona,0,PF,1619289735,72,-9.8,-139.0333,80.74,20.49
55,High Rock,75,BS,1619289844,74,26.6208,-78.2833,80.6,17.27
56,Soyo,100,AO,1619289845,82,-6.1349,12.3689,79.52,4.56
57,Airai,51,TL,1619289846,92,-8.9266,125.4092,57.27,2.75
58,Ilulissat,40,GL,1619289603,60,69.2167,-51.1,41.0,3.44
59,Vila Nova de Milfontes,19,PT,1619289678,80,37.7238,-8.7828,64.99,7.0
60,Souillac,75,MU,1619289850,83,-20.5167,57.5167,78.8,17.27
61,Khatanga,100,RU,1619289851,97,71.9667,102.5,32.18,16.82
62,São Filipe,55,CV,1619289852,74,14.8961,-24.4956,72.23,13.67
63,Santa Isabel Rio Negro,88,BR,1619289854,48,-0.4139,-65.0192,91.89,4.59
64,Carnarvon,0,AU,1619289855,94,-24.8667,113.6333,62.6,6.91
65,Cape Town,0,ZA,1619289806,82,-33.9258,18.4232,63.0,11.5
66,Port Hedland,0,AU,1619289857,64,-20.3167,118.5667,68.0,9.22
67,Manggar,19,ID,1619289859,75,-2.8833,108.2667,80.67,5.99
68,Tiksi,100,RU,1619289674,93,71.6872,128.8694,30.45,11.12
69,Labuhan,7,ID,1619289861,83,-6.8844,112.2051,77.34,5.55
70,Port Alfred,53,ZA,1619289862,85,-33.5906,26.891,67.14,8.88
71,Zhigansk,100,RU,1619289864,98,66.7697,123.3711,33.03,9.71
72,Clyde River,75,CA,1619289705,93,70.4692,-68.5914,17.6,9.22
73,Bredasdorp,96,ZA,1619289866,87,-34.5322,20.0403,53.6,5.75
74,Mayumba,100,GA,1619289867,85,-3.432,10.6554,79.5,5.03
75,Mar del Plata,40,AR,1619289868,59,-38.0023,-57.5575,66.2,14.97
76,New Norfolk,100,AU,1619289870,85,-42.7826,147.0587,48.99,2.48
77,Pānsemāl,97,IN,1619289871,20,21.65,74.7,90.03,7.23
78,Keti Bandar,0,PK,1619289872,71,24.1447,67.4497,82.33,12.21
79,Arman',100,RU,1619289874,73,59.7,150.1667,14.07,12.59
80,Ossora,100,RU,1619289875,98,59.2353,163.0719,30.42,3.2
81,Vaini,20,TO,1619289876,100,-21.2,-175.2,69.8,6.44
82,Varberg,7,SE,1619289877,62,57.1056,12.2508,41.0,10.0
83,Bengkulu,100,ID,1619289879,89,-3.8004,102.2655,75.4,4.03
84,San Jose,75,US,1619289637,55,37.3394,-121.895,64.99,3.4
85,Celestún,76,MX,1619289881,55,20.8667,-90.4,89.74,8.61
86,Chui,100,UY,1619289882,72,-33.6971,-53.4616,71.38,6.38
87,Lamar,90,US,1619289884,72,33.6668,-95.5836,66.2,17.27
88,Nishihara,20,JP,1619289885,83,26.1842,127.7558,68.0,8.05
89,Arraial do Cabo,20,BR,1619289616,73,-22.9661,-42.0278,78.8,12.66
90,Barrow,1,US,1619289887,80,71.2906,-156.7887,24.8,4.32
91,Saint-Philippe,75,RE,1619289889,88,-21.3585,55.7679,77.0,27.63
92,Mabaruma,98,GY,1619289890,77,8.2,-59.7833,81.32,7.81
93,Marsabit,100,KE,1619289891,71,2.3284,37.9899,69.13,10.96
94,Del Rio,1,US,1619289892,19,29.3627,-100.8968,87.8,9.22
95,Palmer,75,US,1619289894,18,42.1584,-72.3287,71.01,10.36
96,Pisco,0,PE,1619289895,78,-13.7,-76.2167,71.01,10.36
97,Ponta do Sol,20,PT,1619289896,59,32.6667,-17.1,66.2,4.61
98,Saskylakh,96,RU,1619289897,92,71.9167,114.0833,31.57,12.03
99,Bluff,100,NZ,1619289899,83,-46.6,168.3333,48.0,5.01
100,Provideniya,99,RU,1619289696,83,64.3833,-173.3,35.51,0.92
101,Fuzhou,0,CN,1619289901,83,26.0614,119.3061,68.0,13.42
102,Nome,20,US,1619289643,75,64.5011,-165.4064,33.8,2.68
103,Meulaboh,100,ID,1619289905,85,4.1363,96.1285,75.88,2.82
104,Portland,90,US,1619289788,81,45.5234,-122.6762,50.0,6.91
105,Lincoln,1,US,1619289820,47,40.8,-96.667,57.0,13.8
106,Puerto Baquerizo Moreno,40,EC,1619289908,70,-0.9,-89.6,84.2,12.66
107,Cayenne,75,GF,1619289874,89,4.9333,-52.3333,79.0,6.91
108,Mataura,86,NZ,1619289911,83,-46.1927,168.8643,48.0,5.01
109,Elesbão Veloso,100,BR,1619289912,68,-6.2019,-42.1403,84.74,3.33
110,São Gotardo,0,BR,1619289913,39,-19.3111,-46.0489,84.99,5.26
111,Castro,65,BR,1619289914,53,-24.7911,-50.0119,72.99,5.08
112,Kavieng,48,PG,1619289916,79,-2.5744,150.7967,80.62,7.31
113,Siparia,80,TT,1619289917,77,10.1333,-61.5,84.99,4.0
114,Vanderhoof,0,CA,1619289918,25,54.0166,-124.0198,47.88,8.59
115,Hobart,40,AU,1619289919,76,-42.8794,147.3294,48.99,10.36
116,San Cristobal,40,VE,1619289921,55,7.7669,-72.225,89.6,13.8
117,Hoopstad,0,ZA,1619289922,23,-27.8327,25.9083,63.75,5.37
118,Lengshuitan,100,CN,1619289923,89,26.4111,111.5956,60.01,5.48
119,Saint-Augustin,89,CA,1619289925,75,51.226,-58.6502,39.24,11.12
120,Kapaa,40,US,1619289883,73,22.0752,-159.319,75.2,16.11
121,Mogadishu,94,SO,1619289677,76,2.0371,45.3438,82.94,13.53
122,Ribeira Grande,75,PT,1619289671,67,38.5167,-28.7,60.8,16.11
123,Severo-Kuril'sk,100,RU,1619289929,96,50.6789,156.125,34.84,4.54
124,Lompoc,69,US,1619289931,67,34.6391,-120.4579,57.0,6.91
125,Klaksvík,100,FO,1619289932,66,62.2266,-6.589,48.2,4.61
126,Saint Paul Harbor,90,US,1619289933,87,57.79,-152.4072,42.8,2.75
127,Jiazi,51,CN,1619289934,90,22.8779,116.067,70.72,5.79
128,Naze,99,JP,1619289936,70,28.3667,129.4833,64.09,19.1
129,Kailua,40,US,1619289937,69,21.4022,-157.7394,78.8,12.66
130,Wanning,66,CN,1619289939,92,18.8003,110.3967,77.9,9.26
131,Esperance,44,AU,1619289940,72,-33.8667,121.9,59.0,14.97
132,Dongying,37,CN,1619289941,70,37.4564,118.4856,51.3,11.99
133,Umred,20,IN,1619289943,23,20.85,79.3333,86.0,5.46
134,Belle Glade,100,US,1619289944,74,26.6845,-80.6676,84.0,7.0
135,Bilibino,100,RU,1619289945,95,68.0546,166.4372,23.54,1.32
136,Omboué,94,GA,1619289946,85,-1.5746,9.2618,77.83,2.3
137,Ahipara,27,NZ,1619289948,80,-35.1667,173.1667,58.42,8.41
138,Kungurtug,7,RU,1619289949,93,50.5994,97.5228,18.09,2.37
139,Urusha,18,RU,1619289950,77,54.05,122.9,28.04,3.33
140,Praia da Vitória,75,PT,1619289952,77,38.7333,-27.0667,62.6,28.41
141,Codrington,99,AU,1619289953,91,-38.2667,141.9667,50.56,5.32
142,Tautira,75,PF,1619289954,69,-17.7333,-149.15,82.4,6.91
143,Kirakira,100,SB,1619289680,82,-10.4544,161.9205,78.84,2.75
144,Mossamedes,0,AO,1619289956,75,-15.1961,12.1522,79.23,7.92
145,Tasiilaq,75,GL,1619289958,75,65.6145,-37.6368,37.4,4.61
146,Nanortalik,100,GL,1619289959,74,60.1432,-45.2371,41.86,8.1
147,Dothan,90,US,1619289960,100,31.2232,-85.3905,68.0,6.91
148,Killarney,0,IE,1619289962,41,52.05,-9.5167,59.0,14.97
149,Lethem,95,GY,1619289963,44,3.3803,-59.7968,92.19,9.95
150,Hilo,90,US,1619289964,83,19.7297,-155.09,71.6,6.91
151,Shelabolikha,0,RU,1619289966,24,53.4131,82.6167,39.2,6.71
152,Padang,89,ID,1619289670,87,-0.9492,100.3543,76.71,2.3
153,Kitimat,36,CA,1619289684,36,54.0524,-128.6534,62.01,1.99
154,Mocuba,1,MZ,1619289969,95,-16.8392,36.9856,67.78,3.36
155,Ottumwa,40,US,1619289970,67,41.02,-92.4113,59.0,21.85
156,Berlevåg,99,NO,1619289972,70,70.8578,29.0864,33.93,14.03
157,East London,0,ZA,1619289973,88,-33.0153,27.9116,64.4,5.75
158,Postoloprty,100,CZ,1619289974,64,50.3598,13.7029,45.0,11.01
159,Northam,51,GB,1619289976,45,51.0333,-4.2167,51.01,1.01
160,Saint-Paul-lès-Dax,100,FR,1619289977,35,43.7272,-1.0516,73.4,4.61
161,Isangel,100,VU,1619289978,81,-19.55,169.2667,77.05,10.13
162,Canela,76,BR,1619289980,47,-29.3656,-50.8156,73.99,3.42
163,Maragogi,40,BR,1619289981,76,-9.0122,-35.2225,81.43,8.16
164,Vuktyl,100,RU,1619289982,79,63.8567,57.3094,43.54,7.58
165,Ngunguru,21,NZ,1619289984,95,-35.6167,174.5,54.0,3.0
166,Half Moon Bay,75,US,1619289985,71,37.4636,-122.4286,63.0,10.36
167,Leningradskiy,100,RU,1619289986,91,69.3833,178.4167,22.5,5.12
168,Henties Bay,0,NA,1619289988,80,-22.116,14.2845,65.5,5.23
169,San Jerónimo,35,PE,1619289989,43,-11.9472,-75.2829,63.01,2.13
170,Torbay,40,CA,1619289990,35,47.6666,-52.7314,53.6,25.32
171,Hay River,100,CA,1619289991,58,60.8156,-115.7999,23.0,9.22
172,Neuquén,0,AR,1619289993,48,-38.9516,-68.0591,66.2,4.61
173,Salinópolis,100,BR,1619289994,82,-0.6136,-47.3561,81.03,7.31
174,Limeira,1,BR,1619289995,35,-22.5647,-47.4017,82.0,1.01
175,Phang Nga,20,TH,1619289997,83,8.4509,98.5298,84.0,10.36
176,Westlock,18,CA,1619289998,35,54.1502,-113.8688,39.2,10.36
177,Inuvik,54,CA,1619289999,52,68.3499,-133.7218,37.4,4.61
178,Orlik,100,RU,1619290001,91,52.5178,99.825,22.6,1.1
179,Port Elizabeth,0,ZA,1619290002,94,-33.918,25.5701,59.0,6.91
180,Tuatapere,100,NZ,1619290003,83,-46.1333,167.6833,48.0,5.01
181,Kisangani,100,CD,1619290004,99,0.5167,25.2,71.2,4.07
182,Alofi,87,NU,1619290006,100,-19.0595,-169.9187,71.6,1.14
183,Oistins,40,BB,1619289727,58,13.0667,-59.5333,84.2,19.57
184,Waddān,31,LY,1619290008,49,29.1614,16.139,67.51,18.05
185,Whitehorse,20,CA,1619290000,38,60.7161,-135.0538,45.0,8.05
186,Thompson,75,CA,1619290010,50,55.7435,-97.8558,24.8,2.3
187,Igarka,100,RU,1619290012,97,67.4667,86.5833,33.01,11.18
188,Port Keats,57,AU,1619290013,32,-14.25,129.55,69.84,8.3
189,Te Anau,100,NZ,1619290014,93,-45.4167,167.7167,47.26,6.6
190,Gerāsh,0,IR,1619290016,26,27.6652,54.1371,80.6,1.21
191,Fairlie,43,GB,1619290017,58,55.756,-4.8556,55.4,11.5
192,Sørland,45,NO,1619290018,63,67.667,12.6934,37.18,23.87
193,Olafsvik,100,IS,1619290019,82,64.8945,-23.7142,44.64,17.38
194,Sinop Province,100,TR,1619290021,88,41.7711,34.8709,47.28,3.27
195,Burnie,38,AU,1619290022,89,-41.0667,145.9167,45.0,1.01
196,Upernavik,11,GL,1619290023,85,72.7868,-56.1549,34.2,5.91
197,Merauke,97,ID,1619290025,89,-8.4667,140.3333,77.94,7.94
198,Yangi Marg`ilon,95,UZ,1619290026,42,40.4272,71.7189,64.4,4.61
199,Marabu,20,MY,1619290027,94,4.4148,114.0089,78.8,3.44
200,Mandalgovi,100,MN,1619290029,81,45.7625,106.2708,48.13,4.7
201,Puerto Ayacucho,45,VE,1619290030,54,5.6639,-67.6236,89.74,2.68
202,Santa Marta,40,CO,1619290031,66,11.2408,-74.199,90.0,1.99
203,Pevek,100,RU,1619290032,86,69.7008,170.3133,19.22,2.77
204,Vila Velha,20,BR,1619290034,65,-20.3297,-40.2925,81.0,11.5
205,Chabahar,83,IR,1619289991,56,25.2919,60.643,83.07,10.11
206,Sitka,1,US,1619290036,40,57.0531,-135.33,51.8,5.75
207,Bibiani,95,GH,1619290037,77,6.4635,-2.3194,80.01,4.03
208,Hearst,100,CA,1619290039,74,49.6835,-83.6665,26.6,6.91
209,Inta,76,RU,1619290040,76,66.0317,60.1659,38.19,9.57
210,Lerwick,59,GB,1619290041,76,60.1545,-1.1494,44.6,10.36
211,Balud,75,PH,1619290043,78,10.1476,123.6953,80.6,1.14
212,Launceston,19,AU,1619290044,87,-41.45,147.1667,39.99,3.44
213,Imeni Poliny Osipenko,8,RU,1619290045,58,52.4201,136.4853,27.99,6.26
214,Prieska,100,ZA,1619290046,23,-29.6641,22.7474,71.64,5.06
215,Kaitangata,23,NZ,1619290048,88,-46.2817,169.8464,45.0,1.99
216,Laguna,90,US,1619290049,55,38.421,-121.4238,66.0,10.36
217,Coelho Neto,42,BR,1619290050,87,-4.2567,-43.0128,80.69,4.29
218,Sept-Îles,75,CA,1619289905,43,50.2001,-66.3821,48.99,9.22
219,Zangakatun,0,AM,1619290053,32,39.8212,45.0406,64.4,16.11
220,Kaeo,21,NZ,1619290054,95,-35.1,173.7833,54.0,3.0
221,Dakar,20,SN,1619290055,83,14.6937,-17.4441,71.6,13.8
222,Fort Madison,75,US,1619290057,55,40.6298,-91.3151,62.6,9.22
223,Saint-Pierre,75,RE,1619290058,88,-21.3393,55.4781,77.0,27.63
224,Talcahuano,0,CL,1619290059,59,-36.7167,-73.1167,64.4,10.36
225,Saint George,100,US,1619290060,18,37.1041,-113.5841,79.0,1.01
226,Sri Aman,91,MY,1619290062,88,1.2376,111.4621,77.0,1.14
227,Suratgarh,0,IN,1619290063,16,29.3167,73.9,80.78,6.98
228,Amapá,100,BR,1619290064,94,1.0,-52.0,79.41,3.22
229,Nuevo Progreso,56,MX,1619289973,49,23.1667,-97.95,93.0,15.01
230,Jizan,20,SA,1619290067,40,17.3333,42.6667,87.8,23.02
231,Ambo,45,PE,1619290068,58,-10.1308,-76.2047,73.65,8.3
232,Opuwo,81,NA,1619290069,39,-18.0607,13.84,73.15,3.27
233,Katsuura,20,JP,1619290071,63,35.1333,140.3,60.8,10.36
234,Bow Island,98,CA,1619290072,33,49.8668,-111.3684,42.01,6.91
235,Staropyshminsk,0,RU,1619290073,39,56.9387,60.903,44.6,8.95
236,Durazno,75,UY,1619290074,77,-33.4131,-56.5006,68.0,17.27
237,Margate,100,GB,1619290071,72,51.3813,1.3862,46.99,5.99
238,Cherskiy,95,RU,1619290077,95,68.75,161.3,17.47,10.33
239,Mizoch,91,UA,1619290078,68,50.4,26.15,37.51,5.41
240,Progreso,75,MX,1619290079,38,21.2833,-89.6667,99.0,19.57
241,Tres Arroyos,6,AR,1619290081,51,-38.3739,-60.2798,62.28,16.26
242,São José da Coroa Grande,26,BR,1619290082,72,-8.8978,-35.1478,82.06,7.94
243,Bethel,1,US,1619290083,23,41.3712,-73.414,69.8,8.05
244,Seminole,75,US,1619289792,54,28.7086,-81.2081,89.01,18.41
245,Hoa Binh,75,VN,1619290086,94,20.8133,105.3383,80.6,10.36
246,Nyrob,100,RU,1619290087,90,60.733,56.7202,41.77,8.84
247,Nemuro,100,JP,1619290088,95,43.3236,145.575,36.28,14.72
248,Ligayan,95,PH,1619290089,75,4.6533,119.4706,82.2,4.76
249,Jackson,75,US,1619290091,66,42.4165,-122.8345,57.99,5.64
250,Broken Hill,0,AU,1619290092,66,-31.95,141.4333,51.8,8.41
251,Sozimskiy,100,RU,1619290093,93,59.7418,52.2482,42.22,8.3
252,Flinders,0,AU,1619290095,80,-34.5833,150.8552,52.0,1.01
253,Adrar,6,MR,1619290096,11,20.5022,-10.0711,90.64,10.71
254,Rocha,100,UY,1619290097,90,-34.4833,-54.3333,65.89,7.29
255,San Policarpo,61,PH,1619290098,89,12.1791,125.5072,76.53,5.08
256,Sambava,28,MG,1619290100,87,-14.2667,50.1667,76.06,10.31
257,Ust-Kuyga,100,RU,1619290101,95,70.0167,135.6,21.87,9.8
258,Coquimbo,0,CL,1619290102,68,-29.9533,-71.3436,64.4,13.8
259,Biryusinsk,99,RU,1619290104,87,55.9634,97.8235,31.98,5.26
260,Saint-Louis,0,SN,1619290105,13,16.3333,-15.0,102.2,4.61
261,Hualmay,9,PE,1619290106,72,-11.0964,-77.6139,72.39,10.71
262,Irbeyskoye,70,RU,1619290107,93,55.6428,95.4522,29.52,1.92
263,Ilhabela,28,BR,1619290109,73,-23.7781,-45.3581,75.63,5.3
264,Hastings,33,GB,1619290110,71,50.8552,0.5729,48.99,18.41
265,Puerto Cabello,99,VE,1619290111,85,10.4731,-68.0125,32.0,10.16
266,Kiunga,100,PG,1619290112,99,-6.1219,141.2906,72.99,4.23
267,Vao,100,NC,1619290114,68,-22.6667,167.4833,75.97,13.02
268,Sarāhan,0,IN,1619290115,42,31.5167,77.8,41.13,12.55
269,Miechów,0,PL,1619290116,57,50.3565,20.0279,48.2,3.44
270,Dingle,100,PH,1619290118,85,10.9995,122.6711,76.06,1.12
271,Poum,100,NC,1619290119,81,-20.2333,164.0167,78.35,15.23
272,Itarema,97,BR,1619290120,78,-2.9248,-39.9167,82.54,13.44
273,Hirara,71,JP,1619290122,78,24.8,125.2833,71.46,19.37
274,Iralaya,40,HN,1619290123,70,15.0,-83.2333,87.8,9.22
275,Nordby,75,DK,1619290124,65,55.446,8.3979,41.0,12.66
276,Anadyr,75,RU,1619290125,93,64.75,177.4833,32.0,15.66
277,Dunedin,100,NZ,1619290127,81,-45.8742,170.5036,48.0,7.0
278,Kahului,40,US,1619290128,100,20.8947,-156.47,73.0,12.66
279,Shīeli,3,KZ,1619290129,25,44.1667,66.75,63.54,11.7
280,Jalalabad,60,AF,1619290131,22,34.4265,70.4515,73.13,0.96
281,Zhicheng,100,CN,1619290132,94,30.2956,111.5047,55.99,4.76
282,Itapema,20,BR,1619290065,73,-27.0903,-48.6114,80.01,11.5
283,Bud,100,US,1619290135,88,39.447,-86.1758,53.01,6.85
284,Ambon City,40,ID,1619290136,94,-3.6954,128.1814,77.0,5.75
285,Mareeba,75,AU,1619290137,100,-17.0,145.4333,73.4,11.5
286,Cabo San Lucas,1,MX,1619290055,41,22.8909,-109.9124,84.2,11.5
287,Halkirk,7,CA,1619290140,30,52.2834,-112.1518,39.2,5.75
288,Korla,0,CN,1619290141,42,41.7597,86.1469,50.16,12.08
289,Porto Torres,0,IT,1619290142,59,40.835,8.3972,60.8,4.61
290,Taltal,49,CL,1619290144,71,-25.4,-70.4833,64.72,4.76
291,Gao,1,ML,1619290145,5,16.6362,1.637,92.68,8.55
292,Husavik,0,IS,1619290146,62,66.0449,-17.3389,51.8,10.36
293,Mount Gambier,75,AU,1619290148,100,-37.8333,140.7667,50.0,5.75
294,Haines Junction,15,CA,1619290149,39,60.7522,-137.5108,42.8,2.3
295,Mahébourg,75,MU,1619290150,83,-20.4081,57.7,78.8,17.27
296,Mastic Beach,1,US,1619290152,28,40.7668,-72.8521,68.0,13.8
297,Bambanglipuro,17,ID,1619290153,83,-7.95,110.2833,75.18,3.15
298,Saint Anthony,90,US,1619290154,56,45.0205,-93.218,43.0,8.05
299,Korem,100,ET,1619290156,42,12.5058,39.5228,63.54,7.47
300,Verkhnevilyuysk,100,RU,1619290157,93,63.4453,120.3167,31.08,5.55
301,Necochea,85,AR,1619290158,73,-38.5473,-58.7368,63.0,5.01
302,Weinan,40,CN,1619290159,87,34.5036,109.5089,53.6,8.95
303,Vitim,100,RU,1619290161,98,59.4511,112.5578,22.08,2.1
304,Seoul,0,KR,1619290137,93,37.5683,126.9778,53.6,2.3
305,Timberlake,90,US,1619290163,47,37.3207,-79.2575,57.2,3.87
306,Azángaro,20,PE,1619290164,13,-14.9167,-70.2167,66.2,20.71
307,Iqaluit,75,CA,1619290166,75,63.7506,-68.5145,35.6,4.61
308,Yenagoa,96,NG,1619290167,78,4.9247,6.2642,78.46,4.92
309,Constitución,6,CL,1619290168,57,-35.3333,-72.4167,65.1,16.26
310,Tiznit Province,3,MA,1619290169,63,29.5833,-9.5,60.39,9.91
311,Ixtapa,75,MX,1619290171,57,20.7,-105.2,82.4,9.22
312,Lavrentiya,93,RU,1619290172,88,65.5833,-171.0,28.24,1.28
313,Namwala,32,ZM,1619290173,52,-15.7504,26.4384,66.7,5.93
314,Río Gallegos,0,AR,1619290175,36,-51.6226,-69.2181,60.8,6.91
315,Preobrazheniye,0,RU,1619290176,66,42.9019,133.9064,37.87,7.18
316,Rawson,14,AR,1619290177,45,-43.3002,-65.1023,60.51,0.74
317,Province of Trapani,0,IT,1619290179,82,37.8333,12.6667,60.8,9.22
318,Khasan,0,RU,1619290180,64,42.4308,130.6434,42.1,8.16
319,Bella Vista,90,US,1619290181,94,36.4295,-94.2316,57.2,12.66
320,Tura,100,IN,1619290183,35,25.5198,90.2201,75.25,3.51
321,Ancud,75,CL,1619290184,72,-41.8697,-73.8203,62.01,11.5
322,Seydi,98,TM,1619290185,30,39.4816,62.9137,76.55,7.31
323,Ostrovnoy,100,RU,1619290186,99,68.0531,39.5131,36.19,4.54
324,Coahuayana Viejo,40,MX,1619289919,30,18.7333,-103.6833,86.0,8.23
325,Salalah,17,OM,1619290189,75,17.0151,54.0924,82.18,6.44
326,Bayan,3,CN,1619290190,32,46.0833,127.4,41.04,8.46
327,Pangnirtung,1,CA,1619290191,75,66.1451,-65.7125,33.8,11.5
328,Bantacan,85,PH,1619290193,92,7.604,126.1298,73.96,1.03
329,Auki,76,SB,1619290194,86,-8.7676,160.7034,77.05,2.93
330,Abbeville,0,FR,1619290195,66,50.1,1.8333,53.6,11.5
331,Patrocínio,0,BR,1619290196,32,-18.9439,-46.9925,84.0,4.61
332,Daru,100,PG,1619290198,91,-9.0763,143.2092,77.2,7.34
333,Biak,95,ID,1619290199,77,-0.9131,122.8766,76.75,5.73
334,Turukhansk,100,RU,1619290200,99,65.8167,87.9833,31.82,5.23
335,Coyhaique,75,CL,1619290202,67,-45.5752,-72.0662,55.4,3.44
336,Viga,79,PH,1619290204,89,13.8719,124.3091,75.74,3.58
337,Malinyi,100,TZ,1619290205,97,-8.9333,36.1333,70.9,0.72
338,Srednekolymsk,100,RU,1619290207,95,67.45,153.6833,11.3,8.63
339,Tena,75,EC,1619290208,83,-0.9833,-77.8167,80.6,4.61
340,Kabompo,71,ZM,1619290209,59,-13.5927,24.2008,69.67,2.82
341,Guerrero Negro,3,MX,1619289973,57,27.9769,-114.0611,67.15,15.05
342,Mayskiy,0,RU,1619290212,49,47.6931,40.1025,48.2,8.95
343,Bambous Virieux,75,MU,1619290213,83,-20.3428,57.7575,79.0,17.27
344,Seybaplaya,20,MX,1619290214,39,19.65,-90.6667,98.6,9.22
345,Port Macquarie,0,AU,1619290216,90,-31.4333,152.9167,53.01,1.01
346,Poli,88,TZ,1619290217,85,-3.3333,36.8,63.01,1.92
347,Tahoua,0,NE,1619290218,5,14.8888,5.2692,104.0,4.61
348,La Ronge,100,CA,1619290220,46,55.1001,-105.2842,26.6,5.75
349,Nouadhibou,0,MR,1619290221,73,20.931,-17.0347,69.8,21.85
350,Bata,40,GQ,1619290222,89,1.8639,9.7658,80.6,2.3
351,Tabatinga,75,BR,1619290223,74,-4.2525,-69.9381,84.2,4.61
352,Vila Franca do Campo,40,PT,1619290225,82,37.7167,-25.4333,59.0,16.11
353,Santa Cecília,90,BR,1619290226,49,-26.9608,-50.4269,71.8,2.08
354,Trairi,100,BR,1619290227,87,-3.2778,-39.2689,80.33,9.71
355,Itupiranga,75,BR,1619290229,62,-5.1347,-49.3267,84.2,4.61
356,Salta,75,AR,1619290155,82,-24.7859,-65.4117,64.99,4.61
357,Westport,1,US,1619290231,30,41.1415,-73.3579,68.0,16.11
358,Qasigiannguit,40,GL,1619290232,60,68.8193,-51.1922,41.0,3.44
359,Esperanza,21,DO,1619290233,53,19.5847,-70.9849,90.0,8.99
360,Pilar,20,BR,1619290235,66,-9.5972,-35.9567,86.0,9.22
361,Bandarbeyla,81,SO,1619290236,75,9.4942,50.8122,83.55,8.34
362,Aizkraukle,52,LV,1619290237,93,56.6048,25.2553,33.01,8.01
363,Mehamn,100,NO,1619290238,72,71.0357,27.8492,32.7,9.04
364,Raudeberg,68,NO,1619290240,72,61.9875,5.1352,37.99,16.75
365,Hamilton,90,US,1619290241,71,39.1834,-84.5333,53.6,3.44
366,Thunder Bay,90,CA,1619290242,64,48.4001,-89.3168,36.0,9.22
367,Djibouti,1,DJ,1619290244,74,11.5,42.5,84.2,15.32
368,Batemans Bay,68,AU,1619290245,91,-35.7167,150.1833,52.0,1.99
369,Farsund,0,NO,1619290246,62,58.0948,6.8047,46.99,13.56
370,Tottori-shi,99,JP,1619290247,86,35.5,134.2333,55.36,4.59
371,Montepuez,100,MZ,1619290249,97,-13.1256,38.9997,68.74,5.37
372,Los Chiles,99,CR,1619290250,49,11.0333,-84.7167,88.68,5.77
373,Sioux Lookout,75,CA,1619290184,40,50.1001,-91.917,33.8,9.22
374,Kamaishi,100,JP,1619290253,61,39.2667,141.8833,52.34,6.64
375,Monrovia,40,LR,1619290254,79,6.3005,-10.7969,86.0,6.91
376,Aswān,0,EG,1619290034,9,24.0934,32.907,88.45,15.19
377,Mersing,100,MY,1619290256,94,2.4312,103.8405,77.0,2.3
378,Buala,76,SB,1619290258,82,-8.145,159.5921,79.41,2.8
379,Placerville,75,US,1619290259,44,38.7296,-120.7986,61.0,5.75
380,Imbituba,20,BR,1619290260,65,-28.24,-48.6703,78.8,4.61
381,Andenes,20,NO,1619290261,69,69.3143,16.1194,35.01,11.5
382,Itoman,20,JP,1619290263,83,26.1247,127.6694,68.0,8.05
383,Fort Nelson,40,CA,1619290264,33,58.8053,-122.7002,41.0,5.75
384,Punta Alta,1,AR,1619290199,48,-38.8759,-62.0736,65.07,11.99
385,Vestmannaeyjar,90,IS,1619290266,87,63.4427,-20.2734,44.6,19.57
386,Luga,16,RU,1619290268,89,58.7372,29.8453,32.74,4.94
387,Geraldton,91,AU,1619290269,94,-28.7667,114.6,59.0,1.14
388,Novoagansk,100,RU,1619290270,99,61.9449,76.6625,33.98,2.77
389,Shumyachi,80,RU,1619290272,80,53.8583,32.4242,34.61,10.63
390,Port Augusta,0,AU,1619290273,88,-32.5,137.7667,57.2,5.75
391,Luwingu,98,ZM,1619290274,77,-10.2621,29.9271,65.73,4.32
392,Hong Kong,74,HK,1619290155,87,22.2855,114.1577,77.0,1.01
393,Äänekoski,75,FI,1619290276,93,62.6946,25.818,37.99,6.91
394,Ust-Tsilma,72,RU,1619290278,90,65.441,52.1498,41.9,4.65
395,Tutóia,40,BR,1619290279,79,-2.7619,-42.2744,86.0,16.11
396,Tambura,100,SS,1619290280,92,5.6,27.4667,69.51,5.88
397,Phan Thiet,59,VN,1619290282,82,10.9333,108.1,79.11,4.9
398,Thinadhoo,5,MV,1619290283,69,0.5333,72.9333,82.78,6.29
399,Huaicheng,100,CN,1619290284,91,23.9051,112.1931,74.64,1.57
400,Yaan,95,NG,1619290285,69,7.3833,8.5667,81.57,7.07
401,Turaif,75,SA,1619290287,20,31.6725,38.6637,82.4,20.71
402,Paamiut,100,GL,1619290288,73,61.994,-49.6678,38.86,8.37
403,Gizo Government Station,42,SB,1619290289,75,-8.103,156.8419,82.18,6.15
404,Bereda,99,ES,1619290291,94,43.2686,-7.5406,59.0,7.0
405,Samarai,88,PG,1619290292,78,-10.6167,150.6667,82.4,14.32
406,Abnūb,0,EG,1619290293,34,27.2696,31.1511,80.6,11.5
407,Tauragė,79,LT,1619290294,70,55.2522,22.2897,33.01,7.99
408,Sorong,63,ID,1619290296,86,-0.8833,131.25,78.28,6.8
409,Cap Malheureux,100,MU,1619290297,82,-19.9842,57.6142,79.0,11.01
410,Novyye Burasy,82,RU,1619290298,69,52.1324,46.0714,45.0,10.0
411,Grand Gaube,100,MU,1619290300,82,-20.0064,57.6608,79.0,11.01
412,San Quintín,15,MX,1619290301,66,30.4833,-115.95,64.09,16.82
413,Businga,97,CD,1619290302,79,3.3333,20.8833,76.37,0.83
414,Sabana de Torres,40,CO,1619290303,65,7.3915,-73.4957,80.6,9.22
415,Fortuna,90,US,1619290305,87,40.5982,-124.1573,54.0,4.61
416,Teeli,100,RU,1619290306,68,51.0333,90.2333,27.77,4.92
417,Kalach-na-Donu,0,RU,1619290307,76,48.691,43.5264,46.4,8.95
418,Faya,75,SA,1619290309,72,18.3851,42.4509,59.0,16.11
419,Cockburn Town,40,TC,1619290310,65,21.4612,-71.1419,82.4,13.8
420,Mago,27,RU,1619290311,96,53.2514,140.1822,21.97,2.1
421,Ushtobe,100,KZ,1619290313,40,45.2514,77.9838,40.12,11.95
422,Skibbereen,40,IE,1619290314,58,51.55,-9.2667,53.6,17.27
423,Halifax,22,CA,1619290212,27,44.6453,-63.5724,64.0,13.8
424,Abū Zabad,44,SD,1619290316,28,12.35,29.25,89.38,9.04
425,Bogdanovich,100,RU,1619290318,48,56.7803,62.0494,43.57,13.0
426,Am Timan,16,TD,1619290319,25,11.0297,20.2827,94.05,8.81
427,Lüderitz,7,NA,1619290320,85,-26.6481,15.1594,62.08,5.28
428,Miramar,75,US,1619290287,61,25.9873,-80.2323,86.0,19.57
429,Khartoum,3,SD,1619290083,21,15.5518,32.5324,97.0,1.99
430,Bonavista,83,CA,1619290324,53,48.6499,-53.1147,50.0,11.5
431,Bridlington,0,GB,1619290325,76,54.0831,-0.1919,45.0,4.0
432,Akdepe,0,TM,1619290326,29,42.0551,59.3788,64.4,9.22
433,Haverfordwest,4,GB,1619290328,73,51.8017,-4.9691,57.0,11.99
434,Chitral,5,PK,1619290329,36,35.8462,71.7858,55.2,5.68
435,Gouré,0,NE,1619290330,15,13.9835,10.2704,91.9,9.57
436,Tommot,99,RU,1619290331,97,58.9564,126.2925,29.43,5.57
437,Hasaki,20,JP,1619290333,93,35.7333,140.8333,50.0,4.61
438,Barra do Corda,100,BR,1619290334,89,-5.5,-45.25,82.0,3.22
439,Gunjur,99,GM,1619290335,65,13.2019,-16.7339,78.8,12.66
440,Velsk,60,RU,1619290336,71,61.0701,42.0983,47.71,7.54
441,Altamira,75,BR,1619290338,89,-3.2033,-52.2064,78.8,3.83
442,Katsina,26,NG,1619290339,20,12.9894,7.6006,89.49,2.48
443,Faanui,100,PF,1619290340,73,-16.4833,-151.75,80.44,9.69
444,Vorobyevka,12,RU,1619290342,70,50.6451,40.9245,39.33,12.39
445,Xingtai,100,CN,1619290343,65,37.0631,114.4942,56.55,9.4
446,Wattegama,20,LK,1619290344,100,6.7989,81.4808,77.0,2.3
447,Bowen,90,AU,1619290340,94,-20.0167,148.2333,68.0,11.5
448,Staryy Nadym,100,RU,1619290347,88,65.6118,72.6842,32.4,3.22
449,Daman,100,IN,1619290348,70,20.4167,72.85,83.21,3.02
450,Otuzco,75,PE,1619290349,82,-7.9,-78.5833,66.2,13.8
451,Eureka,100,US,1619290351,84,40.8021,-124.1637,53.01,8.99
452,Palenque/Temp,20,MX,1619290352,52,17.5167,-91.9667,93.2,6.93
453,Forsytheganj,77,BY,1619290353,73,52.6333,29.7333,35.24,9.89
454,Inírida,97,CO,1619290354,78,3.8653,-67.9239,84.88,0.81
455,Otorohanga,69,NZ,1619290356,99,-38.1833,175.2,48.99,1.72
456,Yulara,8,AU,1619290346,58,-25.2406,130.9889,53.6,6.91
457,Barra de Tecoanapa,97,MX,1619290358,55,16.5167,-98.75,85.69,10.71
458,Tegul'det,100,RU,1619290359,98,57.3064,88.1667,34.34,5.64
459,Benguela,100,AO,1619290361,83,-12.5763,13.4055,81.18,2.28
460,Fare,100,PF,1619290362,72,-16.7,-151.0167,79.93,6.51
461,Kalmunai,18,LK,1619290363,76,7.4167,81.8167,80.08,1.9
462,Beringovskiy,100,RU,1619290364,94,63.05,179.3167,30.27,5.88
463,Kumul,88,CN,1619290366,23,42.8,93.45,47.89,6.69
464,Enumclaw,100,US,1619290367,89,47.2043,-121.9915,50.0,5.99
465,Dogondoutchi,100,NE,1619290368,9,13.6393,4.0287,95.31,5.5
466,Makakilo City,1,US,1619290370,69,21.3469,-158.0858,78.8,6.91
467,Bubaque,15,GW,1619290371,69,11.2833,-15.8333,78.37,22.21
468,Hammerfest,75,NO,1619290372,80,70.6634,23.6821,30.2,11.5
469,Lebanon,90,US,1619290183,88,36.2081,-86.2911,60.01,3.27
470,Palana,100,RU,1619290375,97,59.1167,159.9667,25.61,9.66
471,Ozernovskiy,100,RU,1619290376,99,51.5,156.5167,33.64,5.93
472,Boyolangu,14,ID,1619290377,86,-8.1181,111.8935,73.29,0.2
473,Busca,53,IT,1619290379,48,44.5181,7.4743,64.4,3.44
474,Noumea,75,NC,1619290380,94,-22.2763,166.4572,78.01,2.3
475,Puerto Carreño,88,CO,1619290381,42,6.189,-67.4859,94.44,8.32
476,Fairview,1,US,1619290383,20,40.8126,-73.999,72.0,9.17
477,Macaé,0,BR,1619290266,69,-22.3708,-41.7869,80.6,10.36
478,Roebourne,0,AU,1619290385,38,-20.7833,117.1333,78.76,6.96
479,Belmonte,40,BR,1619290386,69,-15.8631,-38.8828,82.4,13.8
480,Marondera,47,ZW,1619290388,69,-18.1853,31.5519,58.35,3.56
481,San Rafael,10,AR,1619290234,43,-34.6177,-68.3301,67.91,7.67
482,Emerald,40,AU,1619290390,48,-23.5333,148.1667,62.6,10.36
483,Bondo,100,CD,1619290391,95,3.8146,23.6866,70.77,2.24
484,Nevel',23,RU,1619290393,80,56.0209,29.9284,32.61,5.41
485,Avera,90,US,1619290394,90,33.194,-82.5271,66.2,11.5
486,Zhezkazgan,91,KZ,1619290395,31,47.8043,67.7144,45.93,17.81
487,Rio Grande,20,BR,1619290215,61,-32.035,-52.0986,77.0,2.3
488,Zapolyarnyy,90,RU,1619290398,100,69.4154,30.8136,32.0,13.8
489,Barcelos,20,PT,1619290399,94,41.5388,-8.6151,62.01,2.3
490,Sinnamary,100,GF,1619290400,86,5.3833,-52.95,78.3,12.33
491,Novokayakent,2,RU,1619290402,87,42.3937,47.9861,46.4,4.47
492,Santa Rosalía,37,MX,1619290403,25,27.3167,-112.2833,76.55,6.98
493,Coxim,100,BR,1619290404,19,-18.5067,-54.76,96.6,5.66
494,Achit,100,RU,1619290405,77,56.7985,57.8994,40.46,7.67
495,Paranaíba,6,BR,1619290407,23,-19.6772,-51.1908,88.72,0.63
496,Krasne,0,UA,1619290408,81,49.9145,24.6134,37.4,3.2
497,Caucayá,100,CO,1619290409,77,-0.1934,-74.7819,84.6,1.63
498,Havre-St-Pierre,20,CA,1619290411,70,50.2334,-63.5986,44.6,24.16
499,‘Āhuimanu,40,US,1619290412,69,21.4447,-157.8378,78.8,12.66
500,Hobyo,55,SO,1619290413,69,5.3505,48.5268,84.2,12.84
501,Chumikan,20,RU,1619290414,76,54.7183,135.315,22.87,9.55
502,Ambovombe,0,MG,1619290416,80,-25.1667,46.0833,71.24,10.27
503,Esil,100,KZ,1619290417,40,51.9556,66.4042,47.88,17.98
504,Eyl,64,SO,1619290418,73,7.9803,49.8164,83.39,9.35
505,Ilebo,92,CD,1619290419,98,-4.3167,20.5833,71.87,2.28
506,Umba,100,RU,1619290421,97,66.6871,34.3429,35.49,9.19
507,Atambua,11,ID,1619290156,87,-9.1061,124.8925,70.7,4.97
508,Brae,71,GB,1619290423,76,60.3964,-1.353,44.6,10.36
509,Kadrina,94,EE,1619290424,96,59.3347,26.145,32.77,3.49
510,Bilma,3,NE,1619290426,9,18.6853,12.9164,93.6,10.16
511,Puerto Madryn,8,AR,1619290427,39,-42.7692,-65.0385,61.81,4.09
512,Gogrial,98,SS,1619290428,33,8.5332,28.1004,92.84,1.79
513,Kousséri,97,CM,1619290430,20,12.0769,15.0306,95.85,5.5
514,Lafiagi,96,NG,1619290431,59,8.8667,5.4167,79.9,12.82
515,Idukki,100,IN,1619290432,92,9.85,76.9667,71.04,3.18
516,Kathu,20,TH,1619290433,83,7.9178,98.3332,87.01,10.36
517,Chelno-Vershiny,82,RU,1619290435,92,54.4333,51.1,43.14,9.31
518,Sola,100,VU,1619290436,76,-13.8833,167.55,82.38,17.0
519,Srandakan,15,ID,1619290438,82,-7.9386,110.2506,75.34,3.33
520,Kununurra,9,AU,1619290382,77,-15.7667,128.7333,57.2,5.64
521,Magalia,75,US,1619290440,47,39.8121,-121.5783,61.0,17.27
522,Sittwe,87,MM,1619290441,76,20.15,92.9,80.64,10.27
523,Yarkovo,100,RU,1619290443,54,57.4028,67.0786,42.69,6.17
524,Jiuquan,100,CN,1619290444,35,39.7432,98.5174,51.19,3.87
525,Izumo,75,JP,1619290445,94,35.3667,132.7667,53.6,2.3
526,Yendi,100,GH,1619290446,62,9.4427,-0.0099,82.94,6.29
527,Atlantic City,1,US,1619290441,25,39.3643,-74.4229,64.4,18.41
528,Jalu,0,LY,1619290449,54,29.0331,21.5482,68.9,25.21
529,Shirokiy,9,RU,1619290450,75,49.758,129.523,31.68,8.46
530,Châteauroux,0,FR,1619290452,37,46.8167,1.7,68.0,8.05
531,Trincomalee,59,LK,1619290453,75,8.5711,81.2335,82.72,5.32
532,Kaseda-shirakame,1,JP,1619290454,82,31.4167,130.3167,60.15,5.97
533,Diego de Almagro,0,CL,1619290455,30,-26.3667,-70.05,72.21,11.61
534,Basco,32,PH,1619290457,73,20.4487,121.9702,75.76,10.36
535,Harper,92,LR,1619290458,78,4.375,-7.7169,82.33,10.07
536,Pastavy,97,BY,1619290459,77,55.1168,26.8326,34.52,9.17
537,Barabai,10,ID,1619290460,85,-2.5833,115.3833,73.74,1.57
538,Vostok,8,RU,1619290462,44,46.4856,135.8833,26.85,8.48
539,Guía de Isora,20,ES,1619290463,35,28.2115,-16.7795,75.2,11.5
540,Port Lincoln,0,AU,1619290464,71,-34.7333,135.8667,57.56,4.03
541,Mountain Home,90,US,1619290466,94,43.133,-115.6912,53.6,11.5
542,Kanchanaburi,88,TH,1619290467,91,14.6333,99.1,75.63,3.67
543,Nālūt,0,LY,1619290468,34,30.3333,10.85,70.38,16.98
544,Şabrātah,0,LY,1619290470,74,32.7933,12.4885,61.77,8.23
545,Birjand,0,IR,1619290471,14,32.8663,59.2211,68.0,16.11
546,Quatre Cocos,75,MU,1619290472,83,-20.2078,57.7625,79.0,17.27
547,Gravelbourg,11,CA,1619290473,19,49.8834,-106.5512,42.8,3.44
548,Bokoro,65,TD,1619290475,20,12.3807,17.0568,93.02,4.5
549,Marystown,94,CA,1619290476,82,47.1666,-55.1483,40.98,18.21
550,Kostomuksha,100,RU,1619290477,92,64.571,30.5767,35.89,4.79
551,Salisbury,8,GB,1619290478,41,51.0693,-1.7957,59.0,16.11
552,Kudahuvadhoo,7,MV,1619290480,66,2.6708,72.8944,83.16,8.1
553,Praia,75,CV,1619290481,57,14.9215,-23.5087,75.2,19.57
554,Sechura,7,PE,1619290482,56,-5.5569,-80.8222,80.6,13.87
